Loop size,basic for-loop,whoshuu::range,std::vector
10,1.43511,1.447806,1.438111
100,1.448235,1.422413,1.402464
1000,1.401257,1.439355,1.467262
10000,1.39895,1.404594,1.693586
100000,1.428273,1.410069,3.521251
1000000,1.533461,1.472073,18.554248
10000000,1.509527,1.446011,244.914819